,Date,Time,Aspect 0 of Phase D  State,Aspect 1 of Phase D  State,Aspect 2 of Phase D  State,Result,Phase
322,03-Jun-17,10:09:32,0,0,1,Green,D
323,03-Jun-17,10:09:32,0,0,1,Green,D
324,03-Jun-17,10:09:33,0,0,1,Green,D
325,03-Jun-17,10:09:33,0,0,1,Green,D
326,03-Jun-17,10:09:33,0,0,1,Green,D
327,03-Jun-17,10:09:33,0,0,1,Green,D
328,03-Jun-17,10:09:34,0,0,1,Green,D
329,03-Jun-17,10:09:34,0,0,1,Green,D
330,03-Jun-17,10:09:34,0,0,1,Green,D
331,03-Jun-17,10:09:34,0,0,1,Green,D
332,03-Jun-17,10:09:34,0,0,1,Green,D
333,03-Jun-17,10:09:34,0,0,1,Green,D
334,03-Jun-17,10:09:35,0,0,1,Green,D
335,03-Jun-17,10:09:35,0,0,1,Green,D
336,03-Jun-17,10:09:35,0,0,1,Green,D
337,03-Jun-17,10:09:35,0,0,1,Green,D
338,03-Jun-17,10:09:36,0,0,1,Green,D
339,03-Jun-17,10:09:36,0,0,1,Green,D
340,03-Jun-17,10:09:36,0,0,1,Green,D
341,03-Jun-17,10:09:36,0,0,1,Green,D
342,03-Jun-17,10:09:36,0,0,1,Green,D
343,03-Jun-17,10:09:37,0,0,1,Green,D
344,03-Jun-17,10:09:37,0,0,1,Green,D
345,03-Jun-17,10:09:37,0,0,1,Green,D
346,03-Jun-17,10:09:37,0,0,1,Green,D
347,03-Jun-17,10:09:37,0,0,1,Green,D
348,03-Jun-17,10:09:37,0,0,1,Green,D
349,03-Jun-17,10:09:38,0,0,1,Green,D
350,03-Jun-17,10:09:38,0,0,1,Green,D
351,03-Jun-17,10:09:38,0,0,1,Green,D
352,03-Jun-17,10:09:38,0,0,1,Green,D
353,03-Jun-17,10:09:39,0,0,1,Green,D
354,03-Jun-17,10:09:39,0,0,1,Green,D
355,03-Jun-17,10:09:39,0,0,1,Green,D
356,03-Jun-17,10:09:39,0,0,1,Green,D
357,03-Jun-17,10:09:39,0,0,1,Green,D
358,03-Jun-17,10:09:40,0,0,1,Green,D
359,03-Jun-17,10:09:40,0,0,1,Green,D
360,03-Jun-17,10:09:40,0,0,1,Green,D
361,03-Jun-17,10:09:40,0,0,1,Green,D
742,03-Jun-17,10:10:57,0,0,1,Green,D
743,03-Jun-17,10:10:57,0,0,1,Green,D
744,03-Jun-17,10:10:57,0,0,1,Green,D
745,03-Jun-17,10:10:57,0,0,1,Green,D
746,03-Jun-17,10:10:57,0,0,1,Green,D
747,03-Jun-17,10:10:57,0,0,1,Green,D
748,03-Jun-17,10:10:57,0,0,1,Green,D
749,03-Jun-17,10:10:58,0,0,1,Green,D
750,03-Jun-17,10:10:58,0,0,1,Green,D
751,03-Jun-17,10:10:58,0,0,1,Green,D
752,03-Jun-17,10:10:58,0,0,1,Green,D
753,03-Jun-17,10:10:59,0,0,1,Green,D
754,03-Jun-17,10:10:59,0,0,1,Green,D
755,03-Jun-17,10:10:59,0,0,1,Green,D
756,03-Jun-17,10:10:59,0,0,1,Green,D
757,03-Jun-17,10:11:00,0,0,1,Green,D
758,03-Jun-17,10:11:00,0,0,1,Green,D
759,03-Jun-17,10:11:00,0,0,1,Green,D
760,03-Jun-17,10:11:00,0,0,1,Green,D
761,03-Jun-17,10:11:00,0,0,1,Green,D
762,03-Jun-17,10:11:00,0,0,1,Green,D
763,03-Jun-17,10:11:00,0,0,1,Green,D
764,03-Jun-17,10:11:01,0,0,1,Green,D
765,03-Jun-17,10:11:01,0,0,1,Green,D
766,03-Jun-17,10:11:01,0,0,1,Green,D
767,03-Jun-17,10:11:01,0,0,1,Green,D
768,03-Jun-17,10:11:02,0,0,1,Green,D
769,03-Jun-17,10:11:02,0,0,1,Green,D
770,03-Jun-17,10:11:02,0,0,1,Green,D
771,03-Jun-17,10:11:02,0,0,1,Green,D
772,03-Jun-17,10:11:03,0,0,1,Green,D
773,03-Jun-17,10:11:03,0,0,1,Green,D
774,03-Jun-17,10:11:03,0,0,1,Green,D
775,03-Jun-17,10:11:03,0,0,1,Green,D
776,03-Jun-17,10:11:03,0,0,1,Green,D
777,03-Jun-17,10:11:03,0,0,1,Green,D
778,03-Jun-17,10:11:03,0,0,1,Green,D
779,03-Jun-17,10:11:04,0,0,1,Green,D
780,03-Jun-17,10:11:04,0,0,1,Green,D
781,03-Jun-17,10:11:04,0,0,1,Green,D
1042,03-Jun-17,10:11:56,0,0,1,Green,D
1043,03-Jun-17,10:11:57,0,0,1,Green,D
1044,03-Jun-17,10:11:57,0,0,1,Green,D
1045,03-Jun-17,10:11:57,0,0,1,Green,D
1046,03-Jun-17,10:11:57,0,0,1,Green,D
1047,03-Jun-17,10:11:58,0,0,1,Green,D
1048,03-Jun-17,10:11:58,0,0,1,Green,D
1049,03-Jun-17,10:11:58,0,0,1,Green,D
1050,03-Jun-17,10:11:58,0,0,1,Green,D
1051,03-Jun-17,10:11:58,0,0,1,Green,D
1052,03-Jun-17,10:11:58,0,0,1,Green,D
1053,03-Jun-17,10:11:59,0,0,1,Green,D
1054,03-Jun-17,10:11:59,0,0,1,Green,D
1055,03-Jun-17,10:11:59,0,0,1,Green,D
1056,03-Jun-17,10:11:59,0,0,1,Green,D
1057,03-Jun-17,10:11:59,0,0,1,Green,D
1058,03-Jun-17,10:12:00,0,0,1,Green,D
1059,03-Jun-17,10:12:00,0,0,1,Green,D
1060,03-Jun-17,10:12:00,0,0,1,Green,D
1061,03-Jun-17,10:12:00,0,0,1,Green,D
1062,03-Jun-17,10:12:00,0,0,1,Green,D
1063,03-Jun-17,10:12:01,0,0,1,Green,D
1064,03-Jun-17,10:12:01,0,0,1,Green,D
1065,03-Jun-17,10:12:01,0,0,1,Green,D
1066,03-Jun-17,10:12:01,0,0,1,Green,D
1067,03-Jun-17,10:12:01,0,0,1,Green,D
1068,03-Jun-17,10:12:01,0,0,1,Green,D
1069,03-Jun-17,10:12:02,0,0,1,Green,D
1070,03-Jun-17,10:12:02,0,0,1,Green,D
1071,03-Jun-17,10:12:02,0,0,1,Green,D
1072,03-Jun-17,10:12:02,0,0,1,Green,D
1073,03-Jun-17,10:12:03,0,0,1,Green,D
1074,03-Jun-17,10:12:03,0,0,1,Green,D
1075,03-Jun-17,10:12:03,0,0,1,Green,D
1076,03-Jun-17,10:12:03,0,0,1,Green,D
1077,03-Jun-17,10:12:03,0,0,1,Green,D
1078,03-Jun-17,10:12:03,0,0,1,Green,D
1079,03-Jun-17,10:12:04,0,0,1,Green,D
1080,03-Jun-17,10:12:04,0,0,1,Green,D
1081,03-Jun-17,10:12:04,0,0,1,Green,D
1342,03-Jun-17,10:12:56,0,0,1,Green,D
1343,03-Jun-17,10:12:57,0,0,1,Green,D
1344,03-Jun-17,10:12:57,0,0,1,Green,D
1345,03-Jun-17,10:12:57,0,0,1,Green,D
1346,03-Jun-17,10:12:57,0,0,1,Green,D
1347,03-Jun-17,10:12:58,0,0,1,Green,D
1348,03-Jun-17,10:12:58,0,0,1,Green,D
1349,03-Jun-17,10:12:58,0,0,1,Green,D
1350,03-Jun-17,10:12:58,0,0,1,Green,D
1351,03-Jun-17,10:12:58,0,0,1,Green,D
1352,03-Jun-17,10:12:58,0,0,1,Green,D
1353,03-Jun-17,10:12:59,0,0,1,Green,D
1354,03-Jun-17,10:12:59,0,0,1,Green,D
1355,03-Jun-17,10:12:59,0,0,1,Green,D
1356,03-Jun-17,10:12:59,0,0,1,Green,D
1357,03-Jun-17,10:13:00,0,0,1,Green,D
1358,03-Jun-17,10:13:00,0,0,1,Green,D
1359,03-Jun-17,10:13:00,0,0,1,Green,D
1360,03-Jun-17,10:13:00,0,0,1,Green,D
1361,03-Jun-17,10:13:00,0,0,1,Green,D
1362,03-Jun-17,10:13:01,0,0,1,Green,D
1363,03-Jun-17,10:13:01,0,0,1,Green,D
1364,03-Jun-17,10:13:01,0,0,1,Green,D
1365,03-Jun-17,10:13:01,0,0,1,Green,D
1366,03-Jun-17,10:13:01,0,0,1,Green,D
1367,03-Jun-17,10:13:01,0,0,1,Green,D
1368,03-Jun-17,10:13:02,0,0,1,Green,D
1369,03-Jun-17,10:13:02,0,0,1,Green,D
1370,03-Jun-17,10:13:02,0,0,1,Green,D
1371,03-Jun-17,10:13:02,0,0,1,Green,D
1372,03-Jun-17,10:13:02,0,0,1,Green,D
1373,03-Jun-17,10:13:03,0,0,1,Green,D
1374,03-Jun-17,10:13:03,0,0,1,Green,D
1375,03-Jun-17,10:13:03,0,0,1,Green,D
1376,03-Jun-17,10:13:03,0,0,1,Green,D
1377,03-Jun-17,10:13:04,0,0,1,Green,D
1378,03-Jun-17,10:13:04,0,0,1,Green,D
1379,03-Jun-17,10:13:04,0,0,1,Green,D
1380,03-Jun-17,10:13:04,0,0,1,Green,D
1381,03-Jun-17,10:13:04,0,0,1,Green,D
1642,03-Jun-17,10:13:57,0,0,1,Green,D
1643,03-Jun-17,10:13:57,0,0,1,Green,D
1644,03-Jun-17,10:13:57,0,0,1,Green,D
1645,03-Jun-17,10:13:57,0,0,1,Green,D
1646,03-Jun-17,10:13:58,0,0,1,Green,D
1647,03-Jun-17,10:13:58,0,0,1,Green,D
1648,03-Jun-17,10:13:58,0,0,1,Green,D
1649,03-Jun-17,10:13:58,0,0,1,Green,D
1650,03-Jun-17,10:13:58,0,0,1,Green,D
1651,03-Jun-17,10:13:58,0,0,1,Green,D
1652,03-Jun-17,10:13:59,0,0,1,Green,D
1653,03-Jun-17,10:13:59,0,0,1,Green,D
1654,03-Jun-17,10:13:59,0,0,1,Green,D
1655,03-Jun-17,10:13:59,0,0,1,Green,D
1656,03-Jun-17,10:14:00,0,0,1,Green,D
1657,03-Jun-17,10:14:00,0,0,1,Green,D
1658,03-Jun-17,10:14:00,0,0,1,Green,D
1659,03-Jun-17,10:14:00,0,0,1,Green,D
1660,03-Jun-17,10:14:00,0,0,1,Green,D
1661,03-Jun-17,10:14:00,0,0,1,Green,D
1662,03-Jun-17,10:14:00,0,0,1,Green,D
1663,03-Jun-17,10:14:00,0,0,1,Green,D
1664,03-Jun-17,10:14:01,0,0,1,Green,D
1665,03-Jun-17,10:14:01,0,0,1,Green,D
1666,03-Jun-17,10:14:01,0,0,1,Green,D
1667,03-Jun-17,10:14:01,0,0,1,Green,D
1668,03-Jun-17,10:14:02,0,0,1,Green,D
1669,03-Jun-17,10:14:02,0,0,1,Green,D
1670,03-Jun-17,10:14:02,0,0,1,Green,D
1671,03-Jun-17,10:14:02,0,0,1,Green,D
1672,03-Jun-17,10:14:02,0,0,1,Green,D
1673,03-Jun-17,10:14:03,0,0,1,Green,D
1674,03-Jun-17,10:14:03,0,0,1,Green,D
1675,03-Jun-17,10:14:03,0,0,1,Green,D
1676,03-Jun-17,10:14:03,0,0,1,Green,D
1677,03-Jun-17,10:14:04,0,0,1,Green,D
1678,03-Jun-17,10:14:04,0,0,1,Green,D
1679,03-Jun-17,10:14:04,0,0,1,Green,D
1680,03-Jun-17,10:14:04,0,0,1,Green,D
1681,03-Jun-17,10:14:04,0,0,1,Green,D
1942,03-Jun-17,10:14:57,0,0,1,Green,D
1943,03-Jun-17,10:14:57,0,0,1,Green,D
1944,03-Jun-17,10:14:57,0,0,1,Green,D
1945,03-Jun-17,10:14:57,0,0,1,Green,D
1946,03-Jun-17,10:14:57,0,0,1,Green,D
1947,03-Jun-17,10:14:58,0,0,1,Green,D
1948,03-Jun-17,10:14:58,0,0,1,Green,D
1949,03-Jun-17,10:14:58,0,0,1,Green,D
1950,03-Jun-17,10:14:58,0,0,1,Green,D
1951,03-Jun-17,10:14:58,0,0,1,Green,D
1952,03-Jun-17,10:14:59,0,0,1,Green,D
1953,03-Jun-17,10:14:59,0,0,1,Green,D
1954,03-Jun-17,10:14:59,0,0,1,Green,D
1955,03-Jun-17,10:14:59,0,0,1,Green,D
1956,03-Jun-17,10:15:00,0,0,1,Green,D
1957,03-Jun-17,10:15:00,0,0,1,Green,D
1958,03-Jun-17,10:15:00,0,0,1,Green,D
1959,03-Jun-17,10:15:00,0,0,1,Green,D
1960,03-Jun-17,10:15:00,0,0,1,Green,D
1961,03-Jun-17,10:15:00,0,0,1,Green,D
1962,03-Jun-17,10:15:01,0,0,1,Green,D
1963,03-Jun-17,10:15:01,0,0,1,Green,D
1964,03-Jun-17,10:15:01,0,0,1,Green,D
1965,03-Jun-17,10:15:01,0,0,1,Green,D
1966,03-Jun-17,10:15:01,0,0,1,Green,D
1967,03-Jun-17,10:15:01,0,0,1,Green,D
1968,03-Jun-17,10:15:02,0,0,1,Green,D
1969,03-Jun-17,10:15:02,0,0,1,Green,D
1970,03-Jun-17,10:15:02,0,0,1,Green,D
1971,03-Jun-17,10:15:02,0,0,1,Green,D
1972,03-Jun-17,10:15:02,0,0,1,Green,D
1973,03-Jun-17,10:15:03,0,0,1,Green,D
1974,03-Jun-17,10:15:03,0,0,1,Green,D
1975,03-Jun-17,10:15:03,0,0,1,Green,D
1976,03-Jun-17,10:15:03,0,0,1,Green,D
1977,03-Jun-17,10:15:03,0,0,1,Green,D
1978,03-Jun-17,10:15:03,0,0,1,Green,D
1979,03-Jun-17,10:15:04,0,0,1,Green,D
1980,03-Jun-17,10:15:04,0,0,1,Green,D
1981,03-Jun-17,10:15:04,0,0,1,Green,D
2242,03-Jun-17,10:15:56,0,0,1,Green,D
2243,03-Jun-17,10:15:57,0,0,1,Green,D
2244,03-Jun-17,10:15:57,0,0,1,Green,D
2245,03-Jun-17,10:15:57,0,0,1,Green,D
2246,03-Jun-17,10:15:57,0,0,1,Green,D
2247,03-Jun-17,10:15:58,0,0,1,Green,D
2248,03-Jun-17,10:15:58,0,0,1,Green,D
2249,03-Jun-17,10:15:58,0,0,1,Green,D
2250,03-Jun-17,10:15:58,0,0,1,Green,D
2251,03-Jun-17,10:15:58,0,0,1,Green,D
2252,03-Jun-17,10:15:59,0,0,1,Green,D
2253,03-Jun-17,10:15:59,0,0,1,Green,D
2254,03-Jun-17,10:15:59,0,0,1,Green,D
2255,03-Jun-17,10:15:59,0,0,1,Green,D
2256,03-Jun-17,10:16:00,0,0,1,Green,D
2257,03-Jun-17,10:16:00,0,0,1,Green,D
2258,03-Jun-17,10:16:00,0,0,1,Green,D
2259,03-Jun-17,10:16:00,0,0,1,Green,D
2260,03-Jun-17,10:16:00,0,0,1,Green,D
2261,03-Jun-17,10:16:00,0,0,1,Green,D
2262,03-Jun-17,10:16:00,0,0,1,Green,D
2263,03-Jun-17,10:16:00,0,0,1,Green,D
2264,03-Jun-17,10:16:01,0,0,1,Green,D
2265,03-Jun-17,10:16:01,0,0,1,Green,D
2266,03-Jun-17,10:16:01,0,0,1,Green,D
2267,03-Jun-17,10:16:01,0,0,1,Green,D
2268,03-Jun-17,10:16:01,0,0,1,Green,D
2269,03-Jun-17,10:16:02,0,0,1,Green,D
2270,03-Jun-17,10:16:02,0,0,1,Green,D
2271,03-Jun-17,10:16:02,0,0,1,Green,D
2272,03-Jun-17,10:16:02,0,0,1,Green,D
2273,03-Jun-17,10:16:03,0,0,1,Green,D
2274,03-Jun-17,10:16:03,0,0,1,Green,D
2275,03-Jun-17,10:16:03,0,0,1,Green,D
2276,03-Jun-17,10:16:03,0,0,1,Green,D
2277,03-Jun-17,10:16:03,0,0,1,Green,D
2278,03-Jun-17,10:16:04,0,0,1,Green,D
2279,03-Jun-17,10:16:04,0,0,1,Green,D
2280,03-Jun-17,10:16:04,0,0,1,Green,D
2281,03-Jun-17,10:16:04,0,0,1,Green,D
2542,03-Jun-17,10:16:56,0,0,1,Green,D
2543,03-Jun-17,10:16:57,0,0,1,Green,D
2544,03-Jun-17,10:16:57,0,0,1,Green,D
2545,03-Jun-17,10:16:57,0,0,1,Green,D
2546,03-Jun-17,10:16:57,0,0,1,Green,D
2547,03-Jun-17,10:16:58,0,0,1,Green,D
2548,03-Jun-17,10:16:58,0,0,1,Green,D
2549,03-Jun-17,10:16:58,0,0,1,Green,D
2550,03-Jun-17,10:16:58,0,0,1,Green,D
2551,03-Jun-17,10:16:58,0,0,1,Green,D
2552,03-Jun-17,10:16:58,0,0,1,Green,D
2553,03-Jun-17,10:16:58,0,0,1,Green,D
2554,03-Jun-17,10:16:59,0,0,1,Green,D
2555,03-Jun-17,10:16:59,0,0,1,Green,D
2556,03-Jun-17,10:16:59,0,0,1,Green,D
2557,03-Jun-17,10:16:59,0,0,1,Green,D
2558,03-Jun-17,10:17:00,0,0,1,Green,D
2559,03-Jun-17,10:17:00,0,0,1,Green,D
2560,03-Jun-17,10:17:00,0,0,1,Green,D
2561,03-Jun-17,10:17:00,0,0,1,Green,D
2562,03-Jun-17,10:17:00,0,0,1,Green,D
2563,03-Jun-17,10:17:01,0,0,1,Green,D
2564,03-Jun-17,10:17:01,0,0,1,Green,D
2565,03-Jun-17,10:17:01,0,0,1,Green,D
2566,03-Jun-17,10:17:01,0,0,1,Green,D
2567,03-Jun-17,10:17:02,0,0,1,Green,D
2568,03-Jun-17,10:17:02,0,0,1,Green,D
2569,03-Jun-17,10:17:02,0,0,1,Green,D
2570,03-Jun-17,10:17:02,0,0,1,Green,D
2571,03-Jun-17,10:17:02,0,0,1,Green,D
2572,03-Jun-17,10:17:02,0,0,1,Green,D
2573,03-Jun-17,10:17:02,0,0,1,Green,D
2574,03-Jun-17,10:17:03,0,0,1,Green,D
2575,03-Jun-17,10:17:03,0,0,1,Green,D
2576,03-Jun-17,10:17:03,0,0,1,Green,D
2577,03-Jun-17,10:17:03,0,0,1,Green,D
2578,03-Jun-17,10:17:04,0,0,1,Green,D
2579,03-Jun-17,10:17:04,0,0,1,Green,D
2580,03-Jun-17,10:17:04,0,0,1,Green,D
2581,03-Jun-17,10:17:04,0,0,1,Green,D
2842,03-Jun-17,10:17:56,0,0,1,Green,D
2843,03-Jun-17,10:17:57,0,0,1,Green,D
2844,03-Jun-17,10:17:57,0,0,1,Green,D
2845,03-Jun-17,10:17:57,0,0,1,Green,D
2846,03-Jun-17,10:17:57,0,0,1,Green,D
2847,03-Jun-17,10:17:58,0,0,1,Green,D
2848,03-Jun-17,10:17:58,0,0,1,Green,D
2849,03-Jun-17,10:17:58,0,0,1,Green,D
2850,03-Jun-17,10:17:58,0,0,1,Green,D
2851,03-Jun-17,10:17:58,0,0,1,Green,D
2852,03-Jun-17,10:17:58,0,0,1,Green,D
2853,03-Jun-17,10:17:59,0,0,1,Green,D
2854,03-Jun-17,10:17:59,0,0,1,Green,D
2855,03-Jun-17,10:17:59,0,0,1,Green,D
2856,03-Jun-17,10:17:59,0,0,1,Green,D
2857,03-Jun-17,10:18:00,0,0,1,Green,D
2858,03-Jun-17,10:18:00,0,0,1,Green,D
2859,03-Jun-17,10:18:00,0,0,1,Green,D
2860,03-Jun-17,10:18:00,0,0,1,Green,D
2861,03-Jun-17,10:18:00,0,0,1,Green,D
2862,03-Jun-17,10:18:01,0,0,1,Green,D
2863,03-Jun-17,10:18:01,0,0,1,Green,D
2864,03-Jun-17,10:18:01,0,0,1,Green,D
2865,03-Jun-17,10:18:01,0,0,1,Green,D
2866,03-Jun-17,10:18:01,0,0,1,Green,D
2867,03-Jun-17,10:18:01,0,0,1,Green,D
2868,03-Jun-17,10:18:01,0,0,1,Green,D
2869,03-Jun-17,10:18:02,0,0,1,Green,D
2870,03-Jun-17,10:18:02,0,0,1,Green,D
2871,03-Jun-17,10:18:02,0,0,1,Green,D
2872,03-Jun-17,10:18:02,0,0,1,Green,D
2873,03-Jun-17,10:18:03,0,0,1,Green,D
2874,03-Jun-17,10:18:03,0,0,1,Green,D
2875,03-Jun-17,10:18:03,0,0,1,Green,D
2876,03-Jun-17,10:18:03,0,0,1,Green,D
2877,03-Jun-17,10:18:03,0,0,1,Green,D
2878,03-Jun-17,10:18:04,0,0,1,Green,D
2879,03-Jun-17,10:18:04,0,0,1,Green,D
2880,03-Jun-17,10:18:04,0,0,1,Green,D
2881,03-Jun-17,10:18:04,0,0,1,Green,D
3142,03-Jun-17,10:18:56,0,0,1,Green,D
3143,03-Jun-17,10:18:57,0,0,1,Green,D
3144,03-Jun-17,10:18:57,0,0,1,Green,D
3145,03-Jun-17,10:18:57,0,0,1,Green,D
3146,03-Jun-17,10:18:57,0,0,1,Green,D
3147,03-Jun-17,10:18:57,0,0,1,Green,D
3148,03-Jun-17,10:18:58,0,0,1,Green,D
3149,03-Jun-17,10:18:58,0,0,1,Green,D
3150,03-Jun-17,10:18:58,0,0,1,Green,D
3151,03-Jun-17,10:18:58,0,0,1,Green,D
3152,03-Jun-17,10:18:59,0,0,1,Green,D
3153,03-Jun-17,10:18:59,0,0,1,Green,D
3154,03-Jun-17,10:18:59,0,0,1,Green,D
3155,03-Jun-17,10:18:59,0,0,1,Green,D
3156,03-Jun-17,10:18:59,0,0,1,Green,D
3157,03-Jun-17,10:19:00,0,0,1,Green,D
3158,03-Jun-17,10:19:00,0,0,1,Green,D
3159,03-Jun-17,10:19:00,0,0,1,Green,D
3160,03-Jun-17,10:19:00,0,0,1,Green,D
3161,03-Jun-17,10:19:00,0,0,1,Green,D
3162,03-Jun-17,10:19:00,0,0,1,Green,D
3163,03-Jun-17,10:19:00,0,0,1,Green,D
3164,03-Jun-17,10:19:01,0,0,1,Green,D
3165,03-Jun-17,10:19:01,0,0,1,Green,D
3166,03-Jun-17,10:19:01,0,0,1,Green,D
3167,03-Jun-17,10:19:01,0,0,1,Green,D
3168,03-Jun-17,10:19:01,0,0,1,Green,D
3169,03-Jun-17,10:19:02,0,0,1,Green,D
3170,03-Jun-17,10:19:02,0,0,1,Green,D
3171,03-Jun-17,10:19:02,0,0,1,Green,D
3172,03-Jun-17,10:19:02,0,0,1,Green,D
3173,03-Jun-17,10:19:03,0,0,1,Green,D
3174,03-Jun-17,10:19:03,0,0,1,Green,D
3175,03-Jun-17,10:19:03,0,0,1,Green,D
3176,03-Jun-17,10:19:03,0,0,1,Green,D
3177,03-Jun-17,10:19:03,0,0,1,Green,D
3178,03-Jun-17,10:19:04,0,0,1,Green,D
3179,03-Jun-17,10:19:04,0,0,1,Green,D
3180,03-Jun-17,10:19:04,0,0,1,Green,D
3181,03-Jun-17,10:19:04,0,0,1,Green,D
3442,03-Jun-17,10:19:56,0,0,1,Green,D
3443,03-Jun-17,10:19:56,0,0,1,Green,D
3444,03-Jun-17,10:19:57,0,0,1,Green,D
3445,03-Jun-17,10:19:57,0,0,1,Green,D
3446,03-Jun-17,10:19:57,0,0,1,Green,D
3447,03-Jun-17,10:19:57,0,0,1,Green,D
3448,03-Jun-17,10:19:58,0,0,1,Green,D
3449,03-Jun-17,10:19:58,0,0,1,Green,D
3450,03-Jun-17,10:19:58,0,0,1,Green,D
3451,03-Jun-17,10:19:58,0,0,1,Green,D
3452,03-Jun-17,10:19:58,0,0,1,Green,D
3453,03-Jun-17,10:19:59,0,0,1,Green,D
3454,03-Jun-17,10:19:59,0,0,1,Green,D
3455,03-Jun-17,10:19:59,0,0,1,Green,D
3456,03-Jun-17,10:19:59,0,0,1,Green,D
3457,03-Jun-17,10:20:00,0,0,1,Green,D
3458,03-Jun-17,10:20:00,0,0,1,Green,D
3459,03-Jun-17,10:20:00,0,0,1,Green,D
3460,03-Jun-17,10:20:00,0,0,1,Green,D
3461,03-Jun-17,10:20:00,0,0,1,Green,D
3462,03-Jun-17,10:20:00,0,0,1,Green,D
3463,03-Jun-17,10:20:00,0,0,1,Green,D
3464,03-Jun-17,10:20:01,0,0,1,Green,D
3465,03-Jun-17,10:20:01,0,0,1,Green,D
3466,03-Jun-17,10:20:01,0,0,1,Green,D
3467,03-Jun-17,10:20:01,0,0,1,Green,D
3468,03-Jun-17,10:20:02,0,0,1,Green,D
3469,03-Jun-17,10:20:02,0,0,1,Green,D
3470,03-Jun-17,10:20:02,0,0,1,Green,D
3471,03-Jun-17,10:20:02,0,0,1,Green,D
3472,03-Jun-17,10:20:02,0,0,1,Green,D
3473,03-Jun-17,10:20:03,0,0,1,Green,D
3474,03-Jun-17,10:20:03,0,0,1,Green,D
3475,03-Jun-17,10:20:03,0,0,1,Green,D
3476,03-Jun-17,10:20:03,0,0,1,Green,D
3477,03-Jun-17,10:20:04,0,0,1,Green,D
3478,03-Jun-17,10:20:04,0,0,1,Green,D
3479,03-Jun-17,10:20:04,0,0,1,Green,D
3480,03-Jun-17,10:20:04,0,0,1,Green,D
3481,03-Jun-17,10:20:04,0,0,1,Green,D
3742,03-Jun-17,10:20:57,0,0,1,Green,D
3743,03-Jun-17,10:20:57,0,0,1,Green,D
3744,03-Jun-17,10:20:57,0,0,1,Green,D
3745,03-Jun-17,10:20:57,0,0,1,Green,D
3746,03-Jun-17,10:20:57,0,0,1,Green,D
3747,03-Jun-17,10:20:57,0,0,1,Green,D
3748,03-Jun-17,10:20:57,0,0,1,Green,D
3749,03-Jun-17,10:20:58,0,0,1,Green,D
3750,03-Jun-17,10:20:58,0,0,1,Green,D
3751,03-Jun-17,10:20:58,0,0,1,Green,D
3752,03-Jun-17,10:20:58,0,0,1,Green,D
3753,03-Jun-17,10:20:59,0,0,1,Green,D
3754,03-Jun-17,10:20:59,0,0,1,Green,D
3755,03-Jun-17,10:20:59,0,0,1,Green,D
3756,03-Jun-17,10:20:59,0,0,1,Green,D
3757,03-Jun-17,10:21:00,0,0,1,Green,D
3758,03-Jun-17,10:21:00,0,0,1,Green,D
3759,03-Jun-17,10:21:00,0,0,1,Green,D
3760,03-Jun-17,10:21:00,0,0,1,Green,D
3761,03-Jun-17,10:21:00,0,0,1,Green,D
3762,03-Jun-17,10:21:01,0,0,1,Green,D
3763,03-Jun-17,10:21:01,0,0,1,Green,D
3764,03-Jun-17,10:21:01,0,0,1,Green,D
3765,03-Jun-17,10:21:01,0,0,1,Green,D
3766,03-Jun-17,10:21:01,0,0,1,Green,D
3767,03-Jun-17,10:21:02,0,0,1,Green,D
3768,03-Jun-17,10:21:02,0,0,1,Green,D
3769,03-Jun-17,10:21:02,0,0,1,Green,D
3770,03-Jun-17,10:21:02,0,0,1,Green,D
3771,03-Jun-17,10:21:02,0,0,1,Green,D
3772,03-Jun-17,10:21:02,0,0,1,Green,D
3773,03-Jun-17,10:21:03,0,0,1,Green,D
3774,03-Jun-17,10:21:03,0,0,1,Green,D
3775,03-Jun-17,10:21:03,0,0,1,Green,D
3776,03-Jun-17,10:21:03,0,0,1,Green,D
3777,03-Jun-17,10:21:03,0,0,1,Green,D
3778,03-Jun-17,10:21:04,0,0,1,Green,D
3779,03-Jun-17,10:21:04,0,0,1,Green,D
3780,03-Jun-17,10:21:04,0,0,1,Green,D
3781,03-Jun-17,10:21:04,0,0,1,Green,D
4042,03-Jun-17,10:21:56,0,0,1,Green,D
4043,03-Jun-17,10:21:57,0,0,1,Green,D
4044,03-Jun-17,10:21:57,0,0,1,Green,D
4045,03-Jun-17,10:21:57,0,0,1,Green,D
4046,03-Jun-17,10:21:57,0,0,1,Green,D
4047,03-Jun-17,10:21:58,0,0,1,Green,D
4048,03-Jun-17,10:21:58,0,0,1,Green,D
4049,03-Jun-17,10:21:58,0,0,1,Green,D
4050,03-Jun-17,10:21:58,0,0,1,Green,D
4051,03-Jun-17,10:21:58,0,0,1,Green,D
4052,03-Jun-17,10:21:59,0,0,1,Green,D
4053,03-Jun-17,10:21:59,0,0,1,Green,D
4054,03-Jun-17,10:21:59,0,0,1,Green,D
4055,03-Jun-17,10:21:59,0,0,1,Green,D
4056,03-Jun-17,10:21:59,0,0,1,Green,D
4057,03-Jun-17,10:21:59,0,0,1,Green,D
4058,03-Jun-17,10:21:59,0,0,1,Green,D
4059,03-Jun-17,10:22:00,0,0,1,Green,D
4060,03-Jun-17,10:22:00,0,0,1,Green,D
4061,03-Jun-17,10:22:00,0,0,1,Green,D
4062,03-Jun-17,10:22:00,0,0,1,Green,D
4063,03-Jun-17,10:22:01,0,0,1,Green,D
4064,03-Jun-17,10:22:01,0,0,1,Green,D
4065,03-Jun-17,10:22:01,0,0,1,Green,D
4066,03-Jun-17,10:22:01,0,0,1,Green,D
4067,03-Jun-17,10:22:01,0,0,1,Green,D
4068,03-Jun-17,10:22:02,0,0,1,Green,D
4069,03-Jun-17,10:22:02,0,0,1,Green,D
4070,03-Jun-17,10:22:02,0,0,1,Green,D
4071,03-Jun-17,10:22:02,0,0,1,Green,D
4072,03-Jun-17,10:22:03,0,0,1,Green,D
4073,03-Jun-17,10:22:03,0,0,1,Green,D
4074,03-Jun-17,10:22:03,0,0,1,Green,D
4075,03-Jun-17,10:22:03,0,0,1,Green,D
4076,03-Jun-17,10:22:03,0,0,1,Green,D
4077,03-Jun-17,10:22:03,0,0,1,Green,D
4078,03-Jun-17,10:22:03,0,0,1,Green,D
4079,03-Jun-17,10:22:04,0,0,1,Green,D
4080,03-Jun-17,10:22:04,0,0,1,Green,D
4081,03-Jun-17,10:22:04,0,0,1,Green,D
4342,03-Jun-17,10:22:56,0,0,1,Green,D
4343,03-Jun-17,10:22:57,0,0,1,Green,D
4344,03-Jun-17,10:22:57,0,0,1,Green,D
4345,03-Jun-17,10:22:57,0,0,1,Green,D
4346,03-Jun-17,10:22:57,0,0,1,Green,D
4347,03-Jun-17,10:22:58,0,0,1,Green,D
4348,03-Jun-17,10:22:58,0,0,1,Green,D
4349,03-Jun-17,10:22:58,0,0,1,Green,D
4350,03-Jun-17,10:22:58,0,0,1,Green,D
4351,03-Jun-17,10:22:58,0,0,1,Green,D
4352,03-Jun-17,10:22:58,0,0,1,Green,D
4353,03-Jun-17,10:22:58,0,0,1,Green,D
4354,03-Jun-17,10:22:59,0,0,1,Green,D
4355,03-Jun-17,10:22:59,0,0,1,Green,D
4356,03-Jun-17,10:22:59,0,0,1,Green,D
4357,03-Jun-17,10:22:59,0,0,1,Green,D
4358,03-Jun-17,10:23:00,0,0,1,Green,D
4359,03-Jun-17,10:23:00,0,0,1,Green,D
4360,03-Jun-17,10:23:00,0,0,1,Green,D
4361,03-Jun-17,10:23:00,0,0,1,Green,D
4362,03-Jun-17,10:23:00,0,0,1,Green,D
4363,03-Jun-17,10:23:01,0,0,1,Green,D
4364,03-Jun-17,10:23:01,0,0,1,Green,D
4365,03-Jun-17,10:23:01,0,0,1,Green,D
4366,03-Jun-17,10:23:01,0,0,1,Green,D
4367,03-Jun-17,10:23:02,0,0,1,Green,D
4368,03-Jun-17,10:23:02,0,0,1,Green,D
4369,03-Jun-17,10:23:02,0,0,1,Green,D
4370,03-Jun-17,10:23:02,0,0,1,Green,D
4371,03-Jun-17,10:23:02,0,0,1,Green,D
4372,03-Jun-17,10:23:03,0,0,1,Green,D
4373,03-Jun-17,10:23:03,0,0,1,Green,D
4374,03-Jun-17,10:23:03,0,0,1,Green,D
4375,03-Jun-17,10:23:03,0,0,1,Green,D
4376,03-Jun-17,10:23:03,0,0,1,Green,D
4377,03-Jun-17,10:23:03,0,0,1,Green,D
4378,03-Jun-17,10:23:04,0,0,1,Green,D
4379,03-Jun-17,10:23:04,0,0,1,Green,D
4380,03-Jun-17,10:23:04,0,0,1,Green,D
4381,03-Jun-17,10:23:04,0,0,1,Green,D
4642,03-Jun-17,10:23:57,0,0,1,Green,D
4643,03-Jun-17,10:23:57,0,0,1,Green,D
4644,03-Jun-17,10:23:57,0,0,1,Green,D
4645,03-Jun-17,10:23:57,0,0,1,Green,D
4646,03-Jun-17,10:23:57,0,0,1,Green,D
4647,03-Jun-17,10:23:57,0,0,1,Green,D
4648,03-Jun-17,10:23:58,0,0,1,Green,D
4649,03-Jun-17,10:23:58,0,0,1,Green,D
4650,03-Jun-17,10:23:58,0,0,1,Green,D
4651,03-Jun-17,10:23:58,0,0,1,Green,D
4652,03-Jun-17,10:23:58,0,0,1,Green,D
4653,03-Jun-17,10:23:59,0,0,1,Green,D
4654,03-Jun-17,10:23:59,0,0,1,Green,D
4655,03-Jun-17,10:23:59,0,0,1,Green,D
4656,03-Jun-17,10:23:59,0,0,1,Green,D
4657,03-Jun-17,10:24:00,0,0,1,Green,D
4658,03-Jun-17,10:24:00,0,0,1,Green,D
4659,03-Jun-17,10:24:00,0,0,1,Green,D
4660,03-Jun-17,10:24:00,0,0,1,Green,D
4661,03-Jun-17,10:24:00,0,0,1,Green,D
4662,03-Jun-17,10:24:01,0,0,1,Green,D
4663,03-Jun-17,10:24:01,0,0,1,Green,D
4664,03-Jun-17,10:24:01,0,0,1,Green,D
4665,03-Jun-17,10:24:01,0,0,1,Green,D
4666,03-Jun-17,10:24:01,0,0,1,Green,D
4667,03-Jun-17,10:24:01,0,0,1,Green,D
4668,03-Jun-17,10:24:02,0,0,1,Green,D
4669,03-Jun-17,10:24:02,0,0,1,Green,D
4670,03-Jun-17,10:24:02,0,0,1,Green,D
4671,03-Jun-17,10:24:02,0,0,1,Green,D
4672,03-Jun-17,10:24:02,0,0,1,Green,D
4673,03-Jun-17,10:24:03,0,0,1,Green,D
4674,03-Jun-17,10:24:03,0,0,1,Green,D
4675,03-Jun-17,10:24:03,0,0,1,Green,D
4676,03-Jun-17,10:24:03,0,0,1,Green,D
4677,03-Jun-17,10:24:04,0,0,1,Green,D
4678,03-Jun-17,10:24:04,0,0,1,Green,D
4679,03-Jun-17,10:24:04,0,0,1,Green,D
4680,03-Jun-17,10:24:04,0,0,1,Green,D
4681,03-Jun-17,10:24:04,0,0,1,Green,D
4942,03-Jun-17,10:24:57,0,0,1,Green,D
4943,03-Jun-17,10:24:57,0,0,1,Green,D
4944,03-Jun-17,10:24:57,0,0,1,Green,D
4945,03-Jun-17,10:24:57,0,0,1,Green,D
4946,03-Jun-17,10:24:57,0,0,1,Green,D
4947,03-Jun-17,10:24:57,0,0,1,Green,D
4948,03-Jun-17,10:24:58,0,0,1,Green,D
4949,03-Jun-17,10:24:58,0,0,1,Green,D
4950,03-Jun-17,10:24:58,0,0,1,Green,D
4951,03-Jun-17,10:24:58,0,0,1,Green,D
4952,03-Jun-17,10:24:58,0,0,1,Green,D
4953,03-Jun-17,10:24:59,0,0,1,Green,D
4954,03-Jun-17,10:24:59,0,0,1,Green,D
4955,03-Jun-17,10:24:59,0,0,1,Green,D
4956,03-Jun-17,10:24:59,0,0,1,Green,D
4957,03-Jun-17,10:25:00,0,0,1,Green,D
4958,03-Jun-17,10:25:00,0,0,1,Green,D
4959,03-Jun-17,10:25:00,0,0,1,Green,D
4960,03-Jun-17,10:25:00,0,0,1,Green,D
4961,03-Jun-17,10:25:00,0,0,1,Green,D
4962,03-Jun-17,10:25:00,0,0,1,Green,D
4963,03-Jun-17,10:25:01,0,0,1,Green,D
4964,03-Jun-17,10:25:01,0,0,1,Green,D
4965,03-Jun-17,10:25:01,0,0,1,Green,D
4966,03-Jun-17,10:25:01,0,0,1,Green,D
4967,03-Jun-17,10:25:01,0,0,1,Green,D
4968,03-Jun-17,10:25:01,0,0,1,Green,D
4969,03-Jun-17,10:25:02,0,0,1,Green,D
4970,03-Jun-17,10:25:02,0,0,1,Green,D
4971,03-Jun-17,10:25:02,0,0,1,Green,D
4972,03-Jun-17,10:25:02,0,0,1,Green,D
4973,03-Jun-17,10:25:02,0,0,1,Green,D
4974,03-Jun-17,10:25:03,0,0,1,Green,D
4975,03-Jun-17,10:25:03,0,0,1,Green,D
4976,03-Jun-17,10:25:03,0,0,1,Green,D
4977,03-Jun-17,10:25:03,0,0,1,Green,D
4978,03-Jun-17,10:25:04,0,0,1,Green,D
4979,03-Jun-17,10:25:04,0,0,1,Green,D
4980,03-Jun-17,10:25:04,0,0,1,Green,D
4981,03-Jun-17,10:25:04,0,0,1,Green,D
5242,03-Jun-17,10:25:56,0,0,1,Green,D
5243,03-Jun-17,10:25:57,0,0,1,Green,D
5244,03-Jun-17,10:25:57,0,0,1,Green,D
5245,03-Jun-17,10:25:57,0,0,1,Green,D
5246,03-Jun-17,10:25:57,0,0,1,Green,D
5247,03-Jun-17,10:25:58,0,0,1,Green,D
5248,03-Jun-17,10:25:58,0,0,1,Green,D
5249,03-Jun-17,10:25:58,0,0,1,Green,D
5250,03-Jun-17,10:25:58,0,0,1,Green,D
5251,03-Jun-17,10:25:58,0,0,1,Green,D
5252,03-Jun-17,10:25:58,0,0,1,Green,D
5253,03-Jun-17,10:25:58,0,0,1,Green,D
5254,03-Jun-17,10:25:59,0,0,1,Green,D
5255,03-Jun-17,10:25:59,0,0,1,Green,D
5256,03-Jun-17,10:25:59,0,0,1,Green,D
5257,03-Jun-17,10:25:59,0,0,1,Green,D
5258,03-Jun-17,10:26:00,0,0,1,Green,D
5259,03-Jun-17,10:26:00,0,0,1,Green,D
5260,03-Jun-17,10:26:00,0,0,1,Green,D
5261,03-Jun-17,10:26:00,0,0,1,Green,D
5262,03-Jun-17,10:26:00,0,0,1,Green,D
5263,03-Jun-17,10:26:01,0,0,1,Green,D
5264,03-Jun-17,10:26:01,0,0,1,Green,D
5265,03-Jun-17,10:26:01,0,0,1,Green,D
5266,03-Jun-17,10:26:01,0,0,1,Green,D
5267,03-Jun-17,10:26:02,0,0,1,Green,D
5268,03-Jun-17,10:26:02,0,0,1,Green,D
5269,03-Jun-17,10:26:02,0,0,1,Green,D
5270,03-Jun-17,10:26:02,0,0,1,Green,D
5271,03-Jun-17,10:26:02,0,0,1,Green,D
5272,03-Jun-17,10:26:02,0,0,1,Green,D
5273,03-Jun-17,10:26:02,0,0,1,Green,D
5274,03-Jun-17,10:26:03,0,0,1,Green,D
5275,03-Jun-17,10:26:03,0,0,1,Green,D
5276,03-Jun-17,10:26:03,0,0,1,Green,D
5277,03-Jun-17,10:26:03,0,0,1,Green,D
5278,03-Jun-17,10:26:04,0,0,1,Green,D
5279,03-Jun-17,10:26:04,0,0,1,Green,D
5280,03-Jun-17,10:26:04,0,0,1,Green,D
5281,03-Jun-17,10:26:04,0,0,1,Green,D
5542,03-Jun-17,10:26:56,0,0,1,Green,D
5543,03-Jun-17,10:26:56,0,0,1,Green,D
5544,03-Jun-17,10:26:57,0,0,1,Green,D
5545,03-Jun-17,10:26:57,0,0,1,Green,D
5546,03-Jun-17,10:26:57,0,0,1,Green,D
5547,03-Jun-17,10:26:57,0,0,1,Green,D
5548,03-Jun-17,10:26:57,0,0,1,Green,D
5549,03-Jun-17,10:26:58,0,0,1,Green,D
5550,03-Jun-17,10:26:58,0,0,1,Green,D
5551,03-Jun-17,10:26:58,0,0,1,Green,D
5552,03-Jun-17,10:26:58,0,0,1,Green,D
5553,03-Jun-17,10:26:59,0,0,1,Green,D
5554,03-Jun-17,10:26:59,0,0,1,Green,D
5555,03-Jun-17,10:26:59,0,0,1,Green,D
5556,03-Jun-17,10:26:59,0,0,1,Green,D
5557,03-Jun-17,10:26:59,0,0,1,Green,D
5558,03-Jun-17,10:27:00,0,0,1,Green,D
5559,03-Jun-17,10:27:00,0,0,1,Green,D
5560,03-Jun-17,10:27:00,0,0,1,Green,D
5561,03-Jun-17,10:27:00,0,0,1,Green,D
5562,03-Jun-17,10:27:01,0,0,1,Green,D
5563,03-Jun-17,10:27:01,0,0,1,Green,D
5564,03-Jun-17,10:27:01,0,0,1,Green,D
5565,03-Jun-17,10:27:01,0,0,1,Green,D
5566,03-Jun-17,10:27:01,0,0,1,Green,D
5567,03-Jun-17,10:27:01,0,0,1,Green,D
5568,03-Jun-17,10:27:01,0,0,1,Green,D
5569,03-Jun-17,10:27:02,0,0,1,Green,D
5570,03-Jun-17,10:27:02,0,0,1,Green,D
5571,03-Jun-17,10:27:02,0,0,1,Green,D
5572,03-Jun-17,10:27:02,0,0,1,Green,D
5573,03-Jun-17,10:27:03,0,0,1,Green,D
5574,03-Jun-17,10:27:03,0,0,1,Green,D
5575,03-Jun-17,10:27:03,0,0,1,Green,D
5576,03-Jun-17,10:27:03,0,0,1,Green,D
5577,03-Jun-17,10:27:03,0,0,1,Green,D
5578,03-Jun-17,10:27:04,0,0,1,Green,D
5579,03-Jun-17,10:27:04,0,0,1,Green,D
5580,03-Jun-17,10:27:04,0,0,1,Green,D
5581,03-Jun-17,10:27:04,0,0,1,Green,D
5842,03-Jun-17,10:27:56,0,0,1,Green,D
5843,03-Jun-17,10:27:56,0,0,1,Green,D
5844,03-Jun-17,10:27:57,0,0,1,Green,D
5845,03-Jun-17,10:27:57,0,0,1,Green,D
5846,03-Jun-17,10:27:57,0,0,1,Green,D
5847,03-Jun-17,10:27:57,0,0,1,Green,D
5848,03-Jun-17,10:27:57,0,0,1,Green,D
5849,03-Jun-17,10:27:58,0,0,1,Green,D
5850,03-Jun-17,10:27:58,0,0,1,Green,D
5851,03-Jun-17,10:27:59,0,0,1,Green,D
5852,03-Jun-17,10:27:59,0,0,1,Green,D
5853,03-Jun-17,10:27:59,0,0,1,Green,D
5854,03-Jun-17,10:27:59,0,0,1,Green,D
5855,03-Jun-17,10:27:59,0,0,1,Green,D
5856,03-Jun-17,10:27:59,0,0,1,Green,D
5857,03-Jun-17,10:27:59,0,0,1,Green,D
5858,03-Jun-17,10:27:59,0,0,1,Green,D
5859,03-Jun-17,10:28:00,0,0,1,Green,D
5860,03-Jun-17,10:28:00,0,0,1,Green,D
5861,03-Jun-17,10:28:00,0,0,1,Green,D
5862,03-Jun-17,10:28:00,0,0,1,Green,D
5863,03-Jun-17,10:28:00,0,0,1,Green,D
5864,03-Jun-17,10:28:01,0,0,1,Green,D
5865,03-Jun-17,10:28:01,0,0,1,Green,D
5866,03-Jun-17,10:28:01,0,0,1,Green,D
5867,03-Jun-17,10:28:01,0,0,1,Green,D
5868,03-Jun-17,10:28:02,0,0,1,Green,D
5869,03-Jun-17,10:28:02,0,0,1,Green,D
5870,03-Jun-17,10:28:02,0,0,1,Green,D
5871,03-Jun-17,10:28:02,0,0,1,Green,D
5872,03-Jun-17,10:28:02,0,0,1,Green,D
5873,03-Jun-17,10:28:03,0,0,1,Green,D
5874,03-Jun-17,10:28:03,0,0,1,Green,D
5875,03-Jun-17,10:28:03,0,0,1,Green,D
5876,03-Jun-17,10:28:03,0,0,1,Green,D
5877,03-Jun-17,10:28:04,0,0,1,Green,D
5878,03-Jun-17,10:28:04,0,0,1,Green,D
5879,03-Jun-17,10:28:04,0,0,1,Green,D
5880,03-Jun-17,10:28:04,0,0,1,Green,D
5881,03-Jun-17,10:28:04,0,0,1,Green,D
6142,03-Jun-17,10:28:56,0,0,1,Green,D
6143,03-Jun-17,10:28:57,0,0,1,Green,D
6144,03-Jun-17,10:28:57,0,0,1,Green,D
6145,03-Jun-17,10:28:57,0,0,1,Green,D
6146,03-Jun-17,10:28:57,0,0,1,Green,D
6147,03-Jun-17,10:28:57,0,0,1,Green,D
6148,03-Jun-17,10:28:58,0,0,1,Green,D
6149,03-Jun-17,10:28:58,0,0,1,Green,D
6150,03-Jun-17,10:28:58,0,0,1,Green,D
6151,03-Jun-17,10:28:58,0,0,1,Green,D
6152,03-Jun-17,10:28:59,0,0,1,Green,D
6153,03-Jun-17,10:28:59,0,0,1,Green,D
6154,03-Jun-17,10:28:59,0,0,1,Green,D
6155,03-Jun-17,10:28:59,0,0,1,Green,D
6156,03-Jun-17,10:28:59,0,0,1,Green,D
6157,03-Jun-17,10:28:59,0,0,1,Green,D
6158,03-Jun-17,10:28:59,0,0,1,Green,D
6159,03-Jun-17,10:29:00,0,0,1,Green,D
6160,03-Jun-17,10:29:00,0,0,1,Green,D
6161,03-Jun-17,10:29:00,0,0,1,Green,D
6162,03-Jun-17,10:29:00,0,0,1,Green,D
6163,03-Jun-17,10:29:01,0,0,1,Green,D
6164,03-Jun-17,10:29:01,0,0,1,Green,D
6165,03-Jun-17,10:29:01,0,0,1,Green,D
6166,03-Jun-17,10:29:01,0,0,1,Green,D
6167,03-Jun-17,10:29:01,0,0,1,Green,D
6168,03-Jun-17,10:29:02,0,0,1,Green,D
6169,03-Jun-17,10:29:02,0,0,1,Green,D
6170,03-Jun-17,10:29:02,0,0,1,Green,D
6171,03-Jun-17,10:29:02,0,0,1,Green,D
6172,03-Jun-17,10:29:03,0,0,1,Green,D
6173,03-Jun-17,10:29:03,0,0,1,Green,D
6174,03-Jun-17,10:29:03,0,0,1,Green,D
6175,03-Jun-17,10:29:03,0,0,1,Green,D
6176,03-Jun-17,10:29:03,0,0,1,Green,D
6177,03-Jun-17,10:29:03,0,0,1,Green,D
6178,03-Jun-17,10:29:03,0,0,1,Green,D
6179,03-Jun-17,10:29:04,0,0,1,Green,D
6180,03-Jun-17,10:29:04,0,0,1,Green,D
6181,03-Jun-17,10:29:04,0,0,1,Green,D
6442,03-Jun-17,10:29:56,0,0,1,Green,D
6443,03-Jun-17,10:29:57,0,0,1,Green,D
6444,03-Jun-17,10:29:57,0,0,1,Green,D
6445,03-Jun-17,10:29:57,0,0,1,Green,D
6446,03-Jun-17,10:29:57,0,0,1,Green,D
6447,03-Jun-17,10:29:58,0,0,1,Green,D
6448,03-Jun-17,10:29:58,0,0,1,Green,D
6449,03-Jun-17,10:29:58,0,0,1,Green,D
6450,03-Jun-17,10:29:58,0,0,1,Green,D
6451,03-Jun-17,10:29:58,0,0,1,Green,D
6452,03-Jun-17,10:29:58,0,0,1,Green,D
6453,03-Jun-17,10:29:58,0,0,1,Green,D
6454,03-Jun-17,10:29:59,0,0,1,Green,D
6455,03-Jun-17,10:29:59,0,0,1,Green,D
6456,03-Jun-17,10:29:59,0,0,1,Green,D
6457,03-Jun-17,10:29:59,0,0,1,Green,D
6458,03-Jun-17,10:30:00,0,0,1,Green,D
6459,03-Jun-17,10:30:00,0,0,1,Green,D
6460,03-Jun-17,10:30:00,0,0,1,Green,D
6461,03-Jun-17,10:30:00,0,0,1,Green,D
6462,03-Jun-17,10:30:00,0,0,1,Green,D
6463,03-Jun-17,10:30:01,0,0,1,Green,D
6464,03-Jun-17,10:30:01,0,0,1,Green,D
6465,03-Jun-17,10:30:01,0,0,1,Green,D
6466,03-Jun-17,10:30:01,0,0,1,Green,D
6467,03-Jun-17,10:30:02,0,0,1,Green,D
6468,03-Jun-17,10:30:02,0,0,1,Green,D
6469,03-Jun-17,10:30:02,0,0,1,Green,D
6470,03-Jun-17,10:30:02,0,0,1,Green,D
6471,03-Jun-17,10:30:02,0,0,1,Green,D
6472,03-Jun-17,10:30:02,0,0,1,Green,D
6473,03-Jun-17,10:30:02,0,0,1,Green,D
6474,03-Jun-17,10:30:03,0,0,1,Green,D
6475,03-Jun-17,10:30:03,0,0,1,Green,D
6476,03-Jun-17,10:30:03,0,0,1,Green,D
6477,03-Jun-17,10:30:03,0,0,1,Green,D
6478,03-Jun-17,10:30:04,0,0,1,Green,D
6479,03-Jun-17,10:30:04,0,0,1,Green,D
6480,03-Jun-17,10:30:04,0,0,1,Green,D
6481,03-Jun-17,10:30:04,0,0,1,Green,D
6742,03-Jun-17,10:30:57,0,0,1,Green,D
6743,03-Jun-17,10:30:57,0,0,1,Green,D
6744,03-Jun-17,10:30:57,0,0,1,Green,D
6745,03-Jun-17,10:30:57,0,0,1,Green,D
6746,03-Jun-17,10:30:57,0,0,1,Green,D
6747,03-Jun-17,10:30:57,0,0,1,Green,D
6748,03-Jun-17,10:30:57,0,0,1,Green,D
6749,03-Jun-17,10:30:58,0,0,1,Green,D
6750,03-Jun-17,10:30:58,0,0,1,Green,D
6751,03-Jun-17,10:30:58,0,0,1,Green,D
6752,03-Jun-17,10:30:58,0,0,1,Green,D
6753,03-Jun-17,10:30:59,0,0,1,Green,D
6754,03-Jun-17,10:30:59,0,0,1,Green,D
6755,03-Jun-17,10:30:59,0,0,1,Green,D
6756,03-Jun-17,10:30:59,0,0,1,Green,D
6757,03-Jun-17,10:30:59,0,0,1,Green,D
6758,03-Jun-17,10:31:00,0,0,1,Green,D
6759,03-Jun-17,10:31:00,0,0,1,Green,D
6760,03-Jun-17,10:31:00,0,0,1,Green,D
6761,03-Jun-17,10:31:00,0,0,1,Green,D
6762,03-Jun-17,10:31:01,0,0,1,Green,D
6763,03-Jun-17,10:31:01,0,0,1,Green,D
6764,03-Jun-17,10:31:01,0,0,1,Green,D
6765,03-Jun-17,10:31:01,0,0,1,Green,D
6766,03-Jun-17,10:31:01,0,0,1,Green,D
6767,03-Jun-17,10:31:01,0,0,1,Green,D
6768,03-Jun-17,10:31:01,0,0,1,Green,D
6769,03-Jun-17,10:31:02,0,0,1,Green,D
6770,03-Jun-17,10:31:02,0,0,1,Green,D
6771,03-Jun-17,10:31:02,0,0,1,Green,D
6772,03-Jun-17,10:31:02,0,0,1,Green,D
6773,03-Jun-17,10:31:03,0,0,1,Green,D
6774,03-Jun-17,10:31:03,0,0,1,Green,D
6775,03-Jun-17,10:31:03,0,0,1,Green,D
6776,03-Jun-17,10:31:03,0,0,1,Green,D
6777,03-Jun-17,10:31:03,0,0,1,Green,D
6778,03-Jun-17,10:31:04,0,0,1,Green,D
6779,03-Jun-17,10:31:04,0,0,1,Green,D
6780,03-Jun-17,10:31:04,0,0,1,Green,D
6781,03-Jun-17,10:31:04,0,0,1,Green,D
7042,03-Jun-17,10:31:56,0,0,1,Green,D
7043,03-Jun-17,10:31:56,0,0,1,Green,D
7044,03-Jun-17,10:31:57,0,0,1,Green,D
7045,03-Jun-17,10:31:57,0,0,1,Green,D
7046,03-Jun-17,10:31:57,0,0,1,Green,D
7047,03-Jun-17,10:31:57,0,0,1,Green,D
7048,03-Jun-17,10:31:58,0,0,1,Green,D
7049,03-Jun-17,10:31:58,0,0,1,Green,D
7050,03-Jun-17,10:31:58,0,0,1,Green,D
7051,03-Jun-17,10:31:58,0,0,1,Green,D
7052,03-Jun-17,10:31:59,0,0,1,Green,D
7053,03-Jun-17,10:31:59,0,0,1,Green,D
7054,03-Jun-17,10:31:59,0,0,1,Green,D
7055,03-Jun-17,10:31:59,0,0,1,Green,D
7056,03-Jun-17,10:31:59,0,0,1,Green,D
7057,03-Jun-17,10:31:59,0,0,1,Green,D
7058,03-Jun-17,10:31:59,0,0,1,Green,D
7059,03-Jun-17,10:32:00,0,0,1,Green,D
7060,03-Jun-17,10:32:00,0,0,1,Green,D
7061,03-Jun-17,10:32:01,0,0,1,Green,D
7062,03-Jun-17,10:32:01,0,0,1,Green,D
7063,03-Jun-17,10:32:01,0,0,1,Green,D
7064,03-Jun-17,10:32:01,0,0,1,Green,D
7065,03-Jun-17,10:32:01,0,0,1,Green,D
7066,03-Jun-17,10:32:01,0,0,1,Green,D
7067,03-Jun-17,10:32:01,0,0,1,Green,D
7068,03-Jun-17,10:32:02,0,0,1,Green,D
7069,03-Jun-17,10:32:02,0,0,1,Green,D
7070,03-Jun-17,10:32:02,0,0,1,Green,D
7071,03-Jun-17,10:32:02,0,0,1,Green,D
7072,03-Jun-17,10:32:02,0,0,1,Green,D
7073,03-Jun-17,10:32:03,0,0,1,Green,D
7074,03-Jun-17,10:32:03,0,0,1,Green,D
7075,03-Jun-17,10:32:03,0,0,1,Green,D
7076,03-Jun-17,10:32:03,0,0,1,Green,D
7077,03-Jun-17,10:32:04,0,0,1,Green,D
7078,03-Jun-17,10:32:04,0,0,1,Green,D
7079,03-Jun-17,10:32:04,0,0,1,Green,D
7080,03-Jun-17,10:32:04,0,0,1,Green,D
7081,03-Jun-17,10:32:04,0,0,1,Green,D
7342,03-Jun-17,10:32:56,0,0,1,Green,D
7343,03-Jun-17,10:32:57,0,0,1,Green,D
7344,03-Jun-17,10:32:57,0,0,1,Green,D
7345,03-Jun-17,10:32:57,0,0,1,Green,D
7346,03-Jun-17,10:32:57,0,0,1,Green,D
7347,03-Jun-17,10:32:57,0,0,1,Green,D
7348,03-Jun-17,10:32:58,0,0,1,Green,D
7349,03-Jun-17,10:32:58,0,0,1,Green,D
7350,03-Jun-17,10:32:58,0,0,1,Green,D
7351,03-Jun-17,10:32:58,0,0,1,Green,D
7352,03-Jun-17,10:32:59,0,0,1,Green,D
7353,03-Jun-17,10:32:59,0,0,1,Green,D
7354,03-Jun-17,10:32:59,0,0,1,Green,D
7355,03-Jun-17,10:32:59,0,0,1,Green,D
7356,03-Jun-17,10:32:59,0,0,1,Green,D
7357,03-Jun-17,10:33:00,0,0,1,Green,D
7358,03-Jun-17,10:33:00,0,0,1,Green,D
7359,03-Jun-17,10:33:00,0,0,1,Green,D
7360,03-Jun-17,10:33:00,0,0,1,Green,D
7361,03-Jun-17,10:33:00,0,0,1,Green,D
7362,03-Jun-17,10:33:00,0,0,1,Green,D
7363,03-Jun-17,10:33:00,0,0,1,Green,D
7364,03-Jun-17,10:33:01,0,0,1,Green,D
7365,03-Jun-17,10:33:01,0,0,1,Green,D
7366,03-Jun-17,10:33:01,0,0,1,Green,D
7367,03-Jun-17,10:33:01,0,0,1,Green,D
7368,03-Jun-17,10:33:02,0,0,1,Green,D
7369,03-Jun-17,10:33:02,0,0,1,Green,D
7370,03-Jun-17,10:33:02,0,0,1,Green,D
7371,03-Jun-17,10:33:02,0,0,1,Green,D
7372,03-Jun-17,10:33:02,0,0,1,Green,D
7373,03-Jun-17,10:33:03,0,0,1,Green,D
7374,03-Jun-17,10:33:03,0,0,1,Green,D
7375,03-Jun-17,10:33:03,0,0,1,Green,D
7376,03-Jun-17,10:33:03,0,0,1,Green,D
7377,03-Jun-17,10:33:04,0,0,1,Green,D
7378,03-Jun-17,10:33:04,0,0,1,Green,D
7379,03-Jun-17,10:33:04,0,0,1,Green,D
7380,03-Jun-17,10:33:04,0,0,1,Green,D
7381,03-Jun-17,10:33:04,0,0,1,Green,D
7642,03-Jun-17,10:33:56,0,0,1,Green,D
7643,03-Jun-17,10:33:57,0,0,1,Green,D
7644,03-Jun-17,10:33:57,0,0,1,Green,D
7645,03-Jun-17,10:33:57,0,0,1,Green,D
7646,03-Jun-17,10:33:57,0,0,1,Green,D
7647,03-Jun-17,10:33:57,0,0,1,Green,D
7648,03-Jun-17,10:33:58,0,0,1,Green,D
7649,03-Jun-17,10:33:58,0,0,1,Green,D
7650,03-Jun-17,10:33:58,0,0,1,Green,D
7651,03-Jun-17,10:33:58,0,0,1,Green,D
7652,03-Jun-17,10:33:59,0,0,1,Green,D
7653,03-Jun-17,10:33:59,0,0,1,Green,D
7654,03-Jun-17,10:33:59,0,0,1,Green,D
7655,03-Jun-17,10:33:59,0,0,1,Green,D
7656,03-Jun-17,10:33:59,0,0,1,Green,D
7657,03-Jun-17,10:33:59,0,0,1,Green,D
7658,03-Jun-17,10:33:59,0,0,1,Green,D
7659,03-Jun-17,10:34:00,0,0,1,Green,D
7660,03-Jun-17,10:34:00,0,0,1,Green,D
7661,03-Jun-17,10:34:00,0,0,1,Green,D
7662,03-Jun-17,10:34:00,0,0,1,Green,D
7663,03-Jun-17,10:34:01,0,0,1,Green,D
7664,03-Jun-17,10:34:01,0,0,1,Green,D
7665,03-Jun-17,10:34:01,0,0,1,Green,D
7666,03-Jun-17,10:34:01,0,0,1,Green,D
7667,03-Jun-17,10:34:01,0,0,1,Green,D
7668,03-Jun-17,10:34:02,0,0,1,Green,D
7669,03-Jun-17,10:34:02,0,0,1,Green,D
7670,03-Jun-17,10:34:02,0,0,1,Green,D
7671,03-Jun-17,10:34:02,0,0,1,Green,D
7672,03-Jun-17,10:34:03,0,0,1,Green,D
7673,03-Jun-17,10:34:03,0,0,1,Green,D
7674,03-Jun-17,10:34:03,0,0,1,Green,D
7675,03-Jun-17,10:34:03,0,0,1,Green,D
7676,03-Jun-17,10:34:03,0,0,1,Green,D
7677,03-Jun-17,10:34:03,0,0,1,Green,D
7678,03-Jun-17,10:34:03,0,0,1,Green,D
7679,03-Jun-17,10:34:04,0,0,1,Green,D
7680,03-Jun-17,10:34:04,0,0,1,Green,D
7681,03-Jun-17,10:34:04,0,0,1,Green,D
7942,03-Jun-17,10:34:56,0,0,1,Green,D
7943,03-Jun-17,10:34:57,0,0,1,Green,D
7944,03-Jun-17,10:34:57,0,0,1,Green,D
7945,03-Jun-17,10:34:57,0,0,1,Green,D
7946,03-Jun-17,10:34:57,0,0,1,Green,D
7947,03-Jun-17,10:34:58,0,0,1,Green,D
7948,03-Jun-17,10:34:58,0,0,1,Green,D
7949,03-Jun-17,10:34:58,0,0,1,Green,D
7950,03-Jun-17,10:34:58,0,0,1,Green,D
7951,03-Jun-17,10:34:58,0,0,1,Green,D
7952,03-Jun-17,10:34:58,0,0,1,Green,D
7953,03-Jun-17,10:34:58,0,0,1,Green,D
7954,03-Jun-17,10:34:59,0,0,1,Green,D
7955,03-Jun-17,10:34:59,0,0,1,Green,D
7956,03-Jun-17,10:34:59,0,0,1,Green,D
7957,03-Jun-17,10:34:59,0,0,1,Green,D
7958,03-Jun-17,10:35:00,0,0,1,Green,D
7959,03-Jun-17,10:35:00,0,0,1,Green,D
7960,03-Jun-17,10:35:00,0,0,1,Green,D
7961,03-Jun-17,10:35:00,0,0,1,Green,D
7962,03-Jun-17,10:35:00,0,0,1,Green,D
7963,03-Jun-17,10:35:01,0,0,1,Green,D
7964,03-Jun-17,10:35:01,0,0,1,Green,D
7965,03-Jun-17,10:35:01,0,0,1,Green,D
7966,03-Jun-17,10:35:01,0,0,1,Green,D
7967,03-Jun-17,10:35:02,0,0,1,Green,D
7968,03-Jun-17,10:35:02,0,0,1,Green,D
7969,03-Jun-17,10:35:02,0,0,1,Green,D
7970,03-Jun-17,10:35:02,0,0,1,Green,D
7971,03-Jun-17,10:35:02,0,0,1,Green,D
7972,03-Jun-17,10:35:02,0,0,1,Green,D
7973,03-Jun-17,10:35:03,0,0,1,Green,D
7974,03-Jun-17,10:35:03,0,0,1,Green,D
7975,03-Jun-17,10:35:03,0,0,1,Green,D
7976,03-Jun-17,10:35:03,0,0,1,Green,D
7977,03-Jun-17,10:35:03,0,0,1,Green,D
7978,03-Jun-17,10:35:04,0,0,1,Green,D
7979,03-Jun-17,10:35:04,0,0,1,Green,D
7980,03-Jun-17,10:35:04,0,0,1,Green,D
7981,03-Jun-17,10:35:04,0,0,1,Green,D
8242,03-Jun-17,10:35:56,0,0,1,Green,D
8243,03-Jun-17,10:35:56,0,0,1,Green,D
8244,03-Jun-17,10:35:57,0,0,1,Green,D
8245,03-Jun-17,10:35:57,0,0,1,Green,D
8246,03-Jun-17,10:35:57,0,0,1,Green,D
8247,03-Jun-17,10:35:57,0,0,1,Green,D
8248,03-Jun-17,10:35:58,0,0,1,Green,D
8249,03-Jun-17,10:35:58,0,0,1,Green,D
8250,03-Jun-17,10:35:58,0,0,1,Green,D
8251,03-Jun-17,10:35:58,0,0,1,Green,D
8252,03-Jun-17,10:35:58,0,0,1,Green,D
8253,03-Jun-17,10:35:59,0,0,1,Green,D
8254,03-Jun-17,10:35:59,0,0,1,Green,D
8255,03-Jun-17,10:35:59,0,0,1,Green,D
8256,03-Jun-17,10:35:59,0,0,1,Green,D
8257,03-Jun-17,10:36:00,0,0,1,Green,D
8258,03-Jun-17,10:36:00,0,0,1,Green,D
8259,03-Jun-17,10:36:00,0,0,1,Green,D
8260,03-Jun-17,10:36:00,0,0,1,Green,D
8261,03-Jun-17,10:36:00,0,0,1,Green,D
8262,03-Jun-17,10:36:00,0,0,1,Green,D
8263,03-Jun-17,10:36:00,0,0,1,Green,D
8264,03-Jun-17,10:36:01,0,0,1,Green,D
8265,03-Jun-17,10:36:01,0,0,1,Green,D
8266,03-Jun-17,10:36:01,0,0,1,Green,D
8267,03-Jun-17,10:36:01,0,0,1,Green,D
8268,03-Jun-17,10:36:02,0,0,1,Green,D
8269,03-Jun-17,10:36:02,0,0,1,Green,D
8270,03-Jun-17,10:36:02,0,0,1,Green,D
8271,03-Jun-17,10:36:02,0,0,1,Green,D
8272,03-Jun-17,10:36:02,0,0,1,Green,D
8273,03-Jun-17,10:36:03,0,0,1,Green,D
8274,03-Jun-17,10:36:03,0,0,1,Green,D
8275,03-Jun-17,10:36:03,0,0,1,Green,D
8276,03-Jun-17,10:36:03,0,0,1,Green,D
8277,03-Jun-17,10:36:04,0,0,1,Green,D
8278,03-Jun-17,10:36:04,0,0,1,Green,D
8279,03-Jun-17,10:36:04,0,0,1,Green,D
8280,03-Jun-17,10:36:04,0,0,1,Green,D
8281,03-Jun-17,10:36:04,0,0,1,Green,D
8542,03-Jun-17,10:36:56,0,0,1,Green,D
8543,03-Jun-17,10:36:57,0,0,1,Green,D
8544,03-Jun-17,10:36:57,0,0,1,Green,D
8545,03-Jun-17,10:36:57,0,0,1,Green,D
8546,03-Jun-17,10:36:57,0,0,1,Green,D
8547,03-Jun-17,10:36:58,0,0,1,Green,D
8548,03-Jun-17,10:36:58,0,0,1,Green,D
8549,03-Jun-17,10:36:58,0,0,1,Green,D
8550,03-Jun-17,10:36:58,0,0,1,Green,D
8551,03-Jun-17,10:36:58,0,0,1,Green,D
8552,03-Jun-17,10:36:59,0,0,1,Green,D
8553,03-Jun-17,10:36:59,0,0,1,Green,D
8554,03-Jun-17,10:36:59,0,0,1,Green,D
8555,03-Jun-17,10:36:59,0,0,1,Green,D
8556,03-Jun-17,10:36:59,0,0,1,Green,D
8557,03-Jun-17,10:36:59,0,0,1,Green,D
8558,03-Jun-17,10:37:00,0,0,1,Green,D
8559,03-Jun-17,10:37:00,0,0,1,Green,D
8560,03-Jun-17,10:37:00,0,0,1,Green,D
8561,03-Jun-17,10:37:00,0,0,1,Green,D
8562,03-Jun-17,10:37:00,0,0,1,Green,D
8563,03-Jun-17,10:37:01,0,0,1,Green,D
8564,03-Jun-17,10:37:01,0,0,1,Green,D
8565,03-Jun-17,10:37:01,0,0,1,Green,D
8566,03-Jun-17,10:37:01,0,0,1,Green,D
8567,03-Jun-17,10:37:02,0,0,1,Green,D
8568,03-Jun-17,10:37:02,0,0,1,Green,D
8569,03-Jun-17,10:37:02,0,0,1,Green,D
8570,03-Jun-17,10:37:02,0,0,1,Green,D
8571,03-Jun-17,10:37:02,0,0,1,Green,D
8572,03-Jun-17,10:37:03,0,0,1,Green,D
8573,03-Jun-17,10:37:03,0,0,1,Green,D
8574,03-Jun-17,10:37:03,0,0,1,Green,D
8575,03-Jun-17,10:37:03,0,0,1,Green,D
8576,03-Jun-17,10:37:03,0,0,1,Green,D
8577,03-Jun-17,10:37:03,0,0,1,Green,D
8578,03-Jun-17,10:37:03,0,0,1,Green,D
8579,03-Jun-17,10:37:04,0,0,1,Green,D
8580,03-Jun-17,10:37:04,0,0,1,Green,D
8581,03-Jun-17,10:37:04,0,0,1,Green,D
8842,03-Jun-17,10:37:56,0,0,1,Green,D
8843,03-Jun-17,10:37:57,0,0,1,Green,D
8844,03-Jun-17,10:37:57,0,0,1,Green,D
8845,03-Jun-17,10:37:57,0,0,1,Green,D
8846,03-Jun-17,10:37:57,0,0,1,Green,D
8847,03-Jun-17,10:37:58,0,0,1,Green,D
8848,03-Jun-17,10:37:58,0,0,1,Green,D
8849,03-Jun-17,10:37:58,0,0,1,Green,D
8850,03-Jun-17,10:37:58,0,0,1,Green,D
8851,03-Jun-17,10:37:58,0,0,1,Green,D
8852,03-Jun-17,10:37:59,0,0,1,Green,D
8853,03-Jun-17,10:37:59,0,0,1,Green,D
8854,03-Jun-17,10:37:59,0,0,1,Green,D
8855,03-Jun-17,10:37:59,0,0,1,Green,D
8856,03-Jun-17,10:38:00,0,0,1,Green,D
8857,03-Jun-17,10:38:00,0,0,1,Green,D
8858,03-Jun-17,10:38:00,0,0,1,Green,D
8859,03-Jun-17,10:38:00,0,0,1,Green,D
8860,03-Jun-17,10:38:00,0,0,1,Green,D
8861,03-Jun-17,10:38:00,0,0,1,Green,D
8862,03-Jun-17,10:38:00,0,0,1,Green,D
8863,03-Jun-17,10:38:01,0,0,1,Green,D
8864,03-Jun-17,10:38:01,0,0,1,Green,D
8865,03-Jun-17,10:38:01,0,0,1,Green,D
8866,03-Jun-17,10:38:01,0,0,1,Green,D
8867,03-Jun-17,10:38:02,0,0,1,Green,D
8868,03-Jun-17,10:38:02,0,0,1,Green,D
8869,03-Jun-17,10:38:02,0,0,1,Green,D
8870,03-Jun-17,10:38:02,0,0,1,Green,D
8871,03-Jun-17,10:38:02,0,0,1,Green,D
8872,03-Jun-17,10:38:02,0,0,1,Green,D
8873,03-Jun-17,10:38:02,0,0,1,Green,D
8874,03-Jun-17,10:38:03,0,0,1,Green,D
8875,03-Jun-17,10:38:03,0,0,1,Green,D
8876,03-Jun-17,10:38:03,0,0,1,Green,D
8877,03-Jun-17,10:38:03,0,0,1,Green,D
8878,03-Jun-17,10:38:03,0,0,1,Green,D
8879,03-Jun-17,10:38:04,0,0,1,Green,D
8880,03-Jun-17,10:38:04,0,0,1,Green,D
8881,03-Jun-17,10:38:04,0,0,1,Green,D
9142,03-Jun-17,10:38:56,0,0,1,Green,D
9143,03-Jun-17,10:38:56,0,0,1,Green,D
9144,03-Jun-17,10:38:57,0,0,1,Green,D
9145,03-Jun-17,10:38:57,0,0,1,Green,D
9146,03-Jun-17,10:38:57,0,0,1,Green,D
9147,03-Jun-17,10:38:57,0,0,1,Green,D
9148,03-Jun-17,10:38:58,0,0,1,Green,D
9149,03-Jun-17,10:38:58,0,0,1,Green,D
9150,03-Jun-17,10:38:58,0,0,1,Green,D
9151,03-Jun-17,10:38:58,0,0,1,Green,D
9152,03-Jun-17,10:38:58,0,0,1,Green,D
9153,03-Jun-17,10:38:59,0,0,1,Green,D
9154,03-Jun-17,10:38:59,0,0,1,Green,D
9155,03-Jun-17,10:38:59,0,0,1,Green,D
9156,03-Jun-17,10:38:59,0,0,1,Green,D
9157,03-Jun-17,10:39:00,0,0,1,Green,D
9158,03-Jun-17,10:39:00,0,0,1,Green,D
9159,03-Jun-17,10:39:00,0,0,1,Green,D
9160,03-Jun-17,10:39:00,0,0,1,Green,D
9161,03-Jun-17,10:39:00,0,0,1,Green,D
9162,03-Jun-17,10:39:00,0,0,1,Green,D
9163,03-Jun-17,10:39:00,0,0,1,Green,D
9164,03-Jun-17,10:39:01,0,0,1,Green,D
9165,03-Jun-17,10:39:01,0,0,1,Green,D
9166,03-Jun-17,10:39:01,0,0,1,Green,D
9167,03-Jun-17,10:39:01,0,0,1,Green,D
9168,03-Jun-17,10:39:02,0,0,1,Green,D
9169,03-Jun-17,10:39:02,0,0,1,Green,D
9170,03-Jun-17,10:39:02,0,0,1,Green,D
9171,03-Jun-17,10:39:02,0,0,1,Green,D
9172,03-Jun-17,10:39:02,0,0,1,Green,D
9173,03-Jun-17,10:39:03,0,0,1,Green,D
9174,03-Jun-17,10:39:03,0,0,1,Green,D
9175,03-Jun-17,10:39:03,0,0,1,Green,D
9176,03-Jun-17,10:39:03,0,0,1,Green,D
9177,03-Jun-17,10:39:04,0,0,1,Green,D
9178,03-Jun-17,10:39:04,0,0,1,Green,D
9179,03-Jun-17,10:39:04,0,0,1,Green,D
9180,03-Jun-17,10:39:04,0,0,1,Green,D
9181,03-Jun-17,10:39:04,0,0,1,Green,D
